{
    "swagger": "2.0",
    "info": {
        "description": "Проверка Коментариев на запрещенные слова",
        "title": "Check Comment API",
        "termsOfService": "http://swagger.io/terms/",
        "contact": {
            "name": "API Support",
            "email": "ataradaev@swagger.io"
        },
        "license": {
            "name": "Apache 2.0",
            "url": "http://www.apache.org/licenses/LICENSE-2.0.html"
        },
        "version": "1.0"
    },
    "basePath": "/",
    "paths": {
        "/comment": {
            "post": {
                "description": "checked  comment on forbidden words",
                "consumes": [
                    "application/json"
                ],
                "produces": [
                    "text/plain"
                ],
                "tags": [
                    "Comment"
                ],
                "summary": "check  Comment",
                "operationId": "Check comment for router",
                "parameters": [
                    {
                        "description": "структура комментарий",
                        "name": "Комментарий",
                        "in": "body",
                        "required": true,
                        "schema": {
                            "$ref": "#/definitions/model.Comment"
                        }
                    }
                ],
                "responses": {
                    "200": {
                        "description": "Комментарий прошел проверку",
                        "schema": {
                            "type": "string"
                        }
                    },
                    "403": {
                        "description": "найдено запрещенные слова",
                        "schema": {
                            "type": "string"
                        }
                    },
                    "500": {
                        "description": "внутренняя ошибка сервера",
                        "schema": {
                            "type": "string"
                        }
                    }
                }
            }
        },
        "/word/{word}": {
            "post": {
                "description": "added forbidden word",
                "produces": [
                    "text/plain"
                ],
                "tags": [
                    "Addword"
                ],
                "summary": "Add  forbidden word in DB",
                "operationId": "add word",
                "parameters": [
                    {
                        "type": "string",
                        "description": "Word",
                        "name": "word",
                        "in": "path",
                        "required": true
                    }
                ],
                "responses": {
                    "200": {
                        "description": "Слово добавлено",
                        "schema": {
                            "type": "string"
                        }
                    },
                    "500": {
                        "description": "внутренняя ошибка сервера",
                        "schema": {
                            "type": "string"
                        }
                    }
                }
            }
        }
    },
    "definitions": {
        "model.Comment": {
            "type": "object",
            "properties": {
                "authorid": {
                    "description": "ИД автора новости(неиспоьзуется)",
                    "type": "integer"
                },
                "child": {
                    "description": "дочерние комментарии",
                    "type": "object",
                    "additionalProperties": {
                        "$ref": "#/definitions/model.Comment"
                    }
                },
                "content": {
                    "description": "содержание",
                    "type": "string"
                },
                "id": {
                    "description": "номер коментария",
                    "type": "integer"
                },
                "idnews": {
                    "description": "номер новости",
                    "type": "integer"
                },
                "parent": {
                    "description": "родительский коментарий",
                    "type": "integer"
                },
                "time": {
                    "description": "время создания новости",
                    "type": "integer"
                }
            }
        }
    },
    "tags": [
        {
            "name": "CheckedComment"
        }
    ]
}