{
	"info": {
		"_postman_id": "d6d14340-0f11-4621-9145-a345c89717aa",
		"name": "gateway",
		"schema": "https://schema.getpostman.com/json/collection/v2.1.0/collection.json"
	},
	"item": [
		{
			"name": "ListPage",
			"request": {
				"method": "GET",
				"header": [],
				"url": {
					"raw": "localhost/news/page/1?count=25",
					"host": [
						"localhost"
					],
					"path": [
						"news",
						"page",
						"1"
					],
					"query": [
						{
							"key": "request_id",
							"value": "2222",
							"disabled": true
						},
						{
							"key": "count",
							"value": "25"
						}
					]
				}
			},
			"response": [
				{
					"name": "ListPage",
					"originalRequest": {
						"method": "GET",
						"header": [],
						"url": {
							"raw": "localhost/news/page/1?count=25",
							"host": [
								"localhost"
							],
							"path": [
								"news",
								"page",
								"1"
							],
							"query": [
								{
									"key": "request_id",
									"value": "2222",
									"disabled": true
								},
								{
									"key": "count",
									"value": "25"
								}
							]
						}
					},
					"_postman_previewlanguage": null,
					"header": null,
					"cookie": [],
					"body": null
				}
			]
		},
		{
			"name": "for web",
			"request": {
				"method": "GET",
				"header": [],
				"url": {
					"raw": "localhost/news/50",
					"host": [
						"localhost"
					],
					"path": [
						"news",
						"50"
					]
				}
			},
			"response": []
		},
		{
			"name": "detail",
			"request": {
				"method": "GET",
				"header": [],
				"url": {
					"raw": "http://localhost/news/detail/65222",
					"protocol": "http",
					"host": [
						"localhost"
					],
					"path": [
						"news",
						"detail",
						"65222"
					]
				}
			},
			"response": []
		},
		{
			"name": "filter",
			"request": {
				"method": "GET",
				"header": [],
				"url": {
					"raw": "localhost/news/search?word=go&type=1&sort=date&direction=asc &startdate&enddate",
					"host": [
						"localhost"
					],
					"path": [
						"news",
						"search"
					],
					"query": [
						{
							"key": "word",
							"value": "go",
							"description": "find word"
						},
						{
							"key": "type",
							"value": "1",
							"description": "type search (0-4)"
						},
						{
							"key": "sort",
							"value": "date",
							"description": "field sort:   id, date, title, desc, url"
						},
						{
							"key": "direction",
							"value": "asc ",
							"description": "order sort :asc , desc"
						},
						{
							"key": "startdate",
							"value": null,
							"description": "integer time unix format begin filter date"
						},
						{
							"key": "enddate",
							"value": null,
							"description": "integer time unix format end filter date"
						}
					]
				}
			},
			"response": []
		},
		{
			"name": "addComment",
			"request": {
				"method": "POST",
				"header": [],
				"url": {
					"raw": "localhost/comment/12345",
					"host": [
						"localhost"
					],
					"path": [
						"comment",
						"12345"
					]
				}
			},
			"response": []
		},
		{
			"name": "getComments",
			"request": {
				"method": "GET",
				"header": [],
				"url": {
					"raw": "localhost/comment/1230123",
					"host": [
						"localhost"
					],
					"path": [
						"comment",
						"1230123"
					]
				}
			},
			"response": []
		},
		{
			"name": "delComment",
			"request": {
				"method": "GET",
				"header": []
			},
			"response": []
		},
		{
			"name": "checkcomment",
			"request": {
				"method": "POST",
				"header": [],
				"body": {
					"mode": "raw",
					"raw": " {\t\t\r\n\t\"content\": \"Ghbrjkmyj1112 asdasdqwQWERTYasdasd\",\r\n\t\"idnews\" : 65222,\t\t\r\n    \"authorid\":  1121 ,\r\n\t\"time\":  5556522222,\r\n    \r\n\"Parent\": 46\r\n\r\n    \t\r\n}",
					"options": {
						"raw": {
							"language": "json"
						}
					}
				},
				"url": {
					"raw": "localhost:12035/comment",
					"host": [
						"localhost"
					],
					"port": "12035",
					"path": [
						"comment"
					]
				}
			},
			"response": []
		},
		{
			"name": "add wordCensor",
			"request": {
				"method": "POST",
				"header": [],
				"url": {
					"raw": "localhost:12035/comment/word/мат",
					"host": [
						"localhost"
					],
					"port": "12035",
					"path": [
						"comment",
						"word",
						"мат"
					]
				}
			},
			"response": []
		}
	]
}